<?xml version="1.0" encoding="utf-8"?><!DOCTYPE nta PUBLIC '-//Uppaal Team//DTD Flat System 1.1//EN' 'http://www.it.uu.se/research/group/darts/uppaal/flat-1_1.dtd'><nta><declaration>// heartMode values:
//  0 - RANDOM
//  1 - MANUAL
//  2 - TEST
int heartMode = 0;
// paceMode values:
//  0 - NORMAL
//  1 - SLEEP
//  2 - EXERCISE
//  3 - MANUAL
int paceMode = 0;
bool vlast = false;
broadcast chan AS, VS, AP, VP;

int observe[2] = {10, 10};

clock cV;
clock cA;

// Ventrical Refractory Period
int VRP = 500;
// Atrial Refractory Period
int PVARP = 500;

// V Upper Bound
int LRI[4] = {2000,
              1500,
              600,
              2000};
// V Lower Bound
int URI[4] = {1000,
              600,
              343,
              343};
// A/V Lower Bound
int AVI_min = 30;
int AVI_max = 100;


// Keyboard Stuff
/* Pacemaker key presses:
 * N - 1
 * S - 2
 * E - 3
 * M - 4
 * A - 5
 * V - 6
 * O - 7
 */
/* Heart key presses:
 * R - 8
 * M - 9
 * T - 10
 * A - 11
 * V - 12
 * O - 13
 */
int keyValue = 0;
broadcast chan KeyPress;

// Displays
int disp[2] = {0, 0};

// LEDs
bool LEDs[4] = {false, false, false, false};

// Alarm
bool alarmFast, alarmSlow;
urgent chan AlarmFail;

// Test verification
bool fail = false;
clock cVLast, cALast;
</declaration><template><name>Keyboard</name><location id="id0" x="-160" y="-32"><committed/></location><location id="id1" x="-352" y="-32"></location><init ref="id1"/><transition><source ref="id0"/><target ref="id1"/><label kind="synchronisation" x="-288" y="8">KeyPress!</label><nail x="-160" y="32"/><nail x="-352" y="32"/></transition><transition><source ref="id1"/><target ref="id0"/><label kind="select" x="-288" y="-128">i : int[1,13]</label><label kind="assignment" x="-296" y="-88">keyValue = i</label><nail x="-352" y="-96"/><nail x="-160" y="-96"/></transition></template><template><name>Pacemaker</name><location id="id2" x="-384" y="-80"><name x="-392" y="-64">APSend</name><committed/></location><location id="id3" x="-472" y="424"><committed/></location><location id="id4" x="-136" y="288"><committed/></location><location id="id5" x="0" y="520"><committed/></location><location id="id6" x="64" y="520"><committed/></location><location id="id7" x="32" y="424"></location><location id="id8" x="16" y="16"><name x="-8" y="-16">Initialize</name><committed/></location><location id="id9" x="-384" y="64"><name x="-394" y="34">VPSend</name><committed/></location><location id="id10" x="-96" y="-224"><committed/></location><location id="id11" x="160" y="-224"><committed/></location><location id="id12" x="32" y="-96"><name x="8" y="-136">ANext</name><label kind="invariant" x="64" y="-112">cV &lt;= LRI[paceMode] - AVI_max</label></location><location id="id13" x="96" y="192"><committed/></location><location id="id14" x="-32" y="192"><committed/></location><location id="id15" x="32" y="64"><name x="16" y="32">VNext</name><label kind="invariant" x="72" y="48">cV &lt;= LRI[paceMode] &amp;&amp;
cA &lt;= AVI_max</label></location><init ref="id8"/><transition><source ref="id2"/><target ref="id15"/><label kind="assignment" x="-256" y="-64">cALast = 0</label></transition><transition><source ref="id3"/><target ref="id7"/><label kind="guard" x="-392" y="440">cV &gt; LRI[keyValue - 1] - AVI_max</label><nail x="-312" y="432"/></transition><transition><source ref="id3"/><target ref="id12"/><label kind="guard" x="-512" y="248">cV &lt;= LRI[keyValue - 1] - AVI_max</label><nail x="-480" y="-256"/><nail x="32" y="-256"/></transition><transition><source ref="id4"/><target ref="id7"/><label kind="guard" x="-232" y="320">cA &gt; AVI_max</label><nail x="-136" y="376"/></transition><transition><source ref="id4"/><target ref="id7"/><label kind="guard" x="-248" y="344">cV &gt; LRI[keyValue - 1]</label><nail x="-120" y="376"/></transition><transition><source ref="id4"/><target ref="id15"/><label kind="guard" x="-184" y="224">cV &lt;= LRI[keyValue - 1] &amp;&amp;
cA &lt;= AVI_max</label><nail x="0" y="248"/></transition><transition><source ref="id7"/><target ref="id3"/><label kind="guard" x="-400" y="368">keyValue &gt; 0 &amp;&amp;
keyValue &lt; 4 &amp;&amp;
vlast == true</label><label kind="synchronisation" x="-288" y="400">KeyPress?</label><nail x="-312" y="416"/></transition><transition><source ref="id7"/><target ref="id4"/><label kind="guard" x="-88" y="328">keyValue &gt; 0 &amp;&amp;
keyValue &lt; 4 &amp;&amp;
vlast == false</label><label kind="synchronisation" x="-80" y="312">KeyPress?</label><nail x="-32" y="376"/></transition><transition><source ref="id5"/><target ref="id7"/><label kind="synchronisation" x="-16" y="472">VP!</label><label kind="assignment" x="-8" y="456">cV = 0</label></transition><transition><source ref="id6"/><target ref="id7"/><label kind="synchronisation" x="56" y="472">AP!</label><label kind="assignment" x="40" y="456">cA = 0</label></transition><transition><source ref="id7"/><target ref="id5"/><label kind="guard" x="-104" y="440">keyValue == 6</label><label kind="synchronisation" x="-112" y="464">KeyPress?</label><label kind="assignment" x="-144" y="488">vlast = true</label><nail x="-96" y="520"/></transition><transition><source ref="id7"/><target ref="id6"/><label kind="guard" x="128" y="456">keyValue == 5</label><label kind="synchronisation" x="144" y="480">KeyPress?</label><label kind="assignment" x="168" y="496">vlast = false</label><nail x="160" y="520"/></transition><transition><source ref="id12"/><target ref="id7"/><label kind="guard" x="48" y="-280">keyValue == 4 &amp;&amp; heartMode != 2</label><label kind="synchronisation" x="280" y="-280">KeyPress?</label><label kind="assignment" x="408" y="-280">vlast = true</label><nail x="32" y="-256"/><nail x="512" y="-256"/><nail x="512" y="424"/></transition><transition><source ref="id15"/><target ref="id7"/><label kind="guard" x="40" y="344">keyValue == 4 &amp;&amp; heartMode != 2</label><label kind="synchronisation" x="40" y="368">KeyPress?</label><label kind="assignment" x="40" y="392">vlast = false</label><nail x="40" y="192"/></transition><transition><source ref="id8"/><target ref="id12"/><label kind="select" x="48" y="-64">i : int[30, 100]</label><label kind="assignment" x="48" y="-48">cA = i,
cALast = i,
cV = 0,
cVLast = 0</label></transition><transition><source ref="id9"/><target ref="id12"/><label kind="assignment" x="-256" y="24">cVLast = 0</label></transition><transition><source ref="id13"/><target ref="id15"/><label kind="guard" x="96" y="136">cA &lt; AVI_min</label></transition><transition><source ref="id11"/><target ref="id12"/><label kind="guard" x="104" y="-152">cV &lt; PVARP</label><nail x="88" y="-136"/></transition><transition><source ref="id10"/><target ref="id2"/><label kind="synchronisation" x="-280" y="-216">AP!</label><label kind="assignment" x="-376" y="-160">cA = 0,
vlast = false</label><nail x="-384" y="-224"/><nail x="-384" y="-96"/></transition><transition><source ref="id11"/><target ref="id15"/><label kind="guard" x="208" y="-216">cV &gt;= PVARP</label><label kind="assignment" x="368" y="-160">cA = 0,
cALast = 0,
vlast = false</label><nail x="448" y="-224"/><nail x="448" y="-96"/></transition><transition><source ref="id12"/><target ref="id10"/><label kind="guard" x="-216" y="-160">cV &gt;= LRI[paceMode] - AVI_max</label></transition><transition><source ref="id12"/><target ref="id11"/><label kind="synchronisation" x="48" y="-184">AS?</label><nail x="72" y="-152"/></transition><transition><source ref="id13"/><target ref="id15"/><label kind="guard" x="80" y="112">cV &lt; VRP</label></transition><transition><source ref="id13"/><target ref="id15"/><label kind="guard" x="64" y="88">cV &lt; URI[paceMode]</label></transition><transition><source ref="id15"/><target ref="id13"/><label kind="synchronisation" x="48" y="168">VS?</label><nail x="56" y="160"/></transition><transition><source ref="id15"/><target ref="id14"/><label kind="guard" x="-152" y="80">cV &gt;= LRI[paceMode]</label><nail x="-32" y="152"/></transition><transition><source ref="id15"/><target ref="id14"/><label kind="guard" x="-144" y="128">cA &gt;= AVI_max</label><nail x="0" y="160"/></transition><transition><source ref="id14"/><target ref="id9"/><label kind="synchronisation" x="-288" y="168">VP!</label><label kind="assignment" x="-376" y="120">vlast = true,
cV := 0</label><nail x="-384" y="192"/></transition><transition><source ref="id13"/><target ref="id12"/><label kind="guard" x="216" y="136">cV &gt;= URI[paceMode] &amp;&amp;
cV &gt;= VRP &amp;&amp;
cA &gt;= AVI_min</label><label kind="assignment" x="360" y="104">cV = 0,
cVLast = 0,
vlast = true</label><nail x="448" y="192"/><nail x="448" y="64"/></transition></template><template><name x="5" y="5">Heart</name><location id="id16" x="2072" y="320"><label kind="invariant" x="2088" y="296">cV &lt; VRP</label></location><location id="id17" x="1928" y="320"><label kind="invariant" x="1848" y="288">cV &lt; URI[paceMode]</label></location><location id="id18" x="2000" y="488"><committed/></location><location id="id19" x="2000" y="384"><label kind="invariant" x="2024" y="368">cV &lt;= LRI[paceMode] &amp;&amp;
cA &lt;= AVI_max</label></location><location id="id20" x="2000" y="264"><committed/></location><location id="id21" x="2000" y="320"><label kind="invariant" x="2016" y="280">cA &lt; AVI_min</label></location><location id="id22" x="2000" y="168"><name x="2016" y="136">VSenseTooSoon</name><label kind="invariant" x="2016" y="168">cV &lt; (LRI[paceMode] - AVI_max)</label></location><location id="id23" x="1712" y="400"><committed/></location><location id="id24" x="1712" y="272"><label kind="invariant" x="1488" y="264">cV &lt;= LRI[paceMode] - AVI_max</label></location><location id="id25" x="1712" y="176"><name x="1728" y="152">ASenseTooSoon</name><label kind="invariant" x="1616" y="168">cV &lt; PVARP</label></location><location id="id26" x="1312" y="448"><committed/></location><location id="id27" x="1312" y="304"><name x="1344" y="304">ExtraASense</name><label kind="invariant" x="1136" y="304">cV &lt;= LRI[paceMode] &amp;&amp;
cA &lt;= AVI_max</label></location><location id="id28" x="1312" y="184"><name x="1328" y="152">ASenseExceeds</name></location><location id="id29" x="944" y="592"><committed/></location><location id="id30" x="944" y="424"><name x="976" y="424">ExtraVSense</name><label kind="invariant" x="720" y="432">cV &lt;= LRI[paceMode] - AVI_max</label></location><location id="id31" x="896" y="272"><committed/></location><location id="id32" x="944" y="304"></location><location id="id33" x="944" y="184"><name x="968" y="160">VSenseExceeds</name><label kind="invariant" x="728" y="184">cV &lt; LRI[paceMode] - AVI_max</label></location><location id="id34" x="464" y="688"><committed/></location><location id="id35" x="464" y="552"><committed/></location><location id="id36" x="464" y="408"><committed/></location><location id="id37" x="456" y="272"><committed/></location><location id="id38" x="496" y="720"><committed/></location><location id="id39" x="496" y="592"><label kind="invariant" x="232" y="576">cV &lt; LRI[paceMode] &amp;&amp; cA &lt; AVI_max</label></location><location id="id40" x="496" y="448"><label kind="invariant" x="272" y="440">cV &lt; LRI[paceMode] - AVI_max</label></location><location id="id41" x="496" y="96"><committed/></location><location id="id42" x="496" y="312"><label kind="invariant" x="232" y="296">cV &lt; LRI[paceMode] &amp;&amp; cA &lt; AVI_max</label></location><location id="id43" x="496" y="184"><name x="384" y="152">NormalOpTest</name><label kind="invariant" x="272" y="184">cV &lt; (LRI[paceMode] - AVI_max)</label></location><location id="id44" x="400" y="96"></location><location id="id45" x="312" y="96"></location><location id="id46" x="-280" y="160"><committed/></location><location id="id47" x="-280" y="32"><committed/></location><location id="id48" x="8" y="96"><name x="32" y="96">Waiting</name></location><init ref="id48"/><transition><source ref="id16"/><target ref="id19"/><label kind="synchronisation" x="2032" y="328">VS!</label></transition><transition><source ref="id20"/><target ref="id16"/></transition><transition><source ref="id17"/><target ref="id19"/><label kind="synchronisation" x="1904" y="337">VS!</label></transition><transition><source ref="id20"/><target ref="id17"/></transition><transition><source ref="id41"/><target ref="id22"/><nail x="2000" y="96"/><nail x="2000" y="152"/></transition><transition><source ref="id41"/><target ref="id28"/><nail x="1312" y="96"/></transition><transition><source ref="id41"/><target ref="id25"/><nail x="1712" y="96"/></transition><transition><source ref="id41"/><target ref="id33"/><nail x="944" y="96"/></transition><transition><source ref="id41"/><target ref="id43"/></transition><transition><source ref="id18"/><target ref="id48"/><label kind="assignment" x="2008" y="696">heartMode = 0</label><nail x="2000" y="720"/><nail x="2488" y="720"/><nail x="2488" y="-144"/><nail x="8" y="-144"/></transition><transition><source ref="id19"/><target ref="id18"/><label kind="synchronisation" x="2064" y="424">VP?</label><nail x="2056" y="440"/></transition><transition><source ref="id19"/><target ref="id18"/><label kind="synchronisation" x="1920" y="424">AP?</label><label kind="assignment" x="1896" y="440">fail = true</label><nail x="1944" y="440"/></transition><transition><source ref="id21"/><target ref="id19"/><label kind="synchronisation" x="1976" y="336">VS!</label></transition><transition><source ref="id20"/><target ref="id21"/></transition><transition><source ref="id22"/><target ref="id20"/><label kind="guard" x="2016" y="200">cV &gt;= PVARP</label><label kind="synchronisation" x="2016" y="215">AS!</label></transition><transition><source ref="id23"/><target ref="id48"/><label kind="assignment" x="1728" y="688">heartMode = 0</label><nail x="1712" y="720"/><nail x="2488" y="720"/><nail x="2488" y="-144"/><nail x="8" y="-144"/></transition><transition><source ref="id24"/><target ref="id23"/><label kind="synchronisation" x="1768" y="320">VP?</label><label kind="assignment" x="1768" y="344">fail = true</label><nail x="1768" y="344"/></transition><transition><source ref="id24"/><target ref="id23"/><label kind="synchronisation" x="1624" y="320">AP?</label><nail x="1656" y="344"/></transition><transition><source ref="id25"/><target ref="id24"/><label kind="synchronisation" x="1728" y="208">AS!</label></transition><transition><source ref="id26"/><target ref="id48"/><label kind="assignment" x="1320" y="688">heartMode = 0</label><nail x="1312" y="720"/><nail x="2488" y="720"/><nail x="2488" y="-144"/><nail x="8" y="-144"/></transition><transition><source ref="id27"/><target ref="id27"/><label kind="synchronisation" x="1392" y="320">AS!</label><nail x="1400" y="344"/></transition><transition><source ref="id27"/><target ref="id26"/><label kind="synchronisation" x="1384" y="360">VP?</label><nail x="1376" y="384"/></transition><transition><source ref="id27"/><target ref="id26"/><label kind="synchronisation" x="1224" y="368">AP?</label><label kind="assignment" x="1200" y="392">fail = true</label><nail x="1256" y="384"/></transition><transition><source ref="id28"/><target ref="id27"/><label kind="guard" x="1096" y="208">cV &gt; LRI[paceMode] - AVI_max</label><label kind="assignment" x="1184" y="248">fail = true</label><nail x="1248" y="184"/><nail x="1248" y="304"/></transition><transition><source ref="id28"/><target ref="id27"/><label kind="synchronisation" x="1328" y="233">VP?</label><label kind="assignment" x="1328" y="248">fail = true</label><nail x="1368" y="248"/></transition><transition><source ref="id28"/><target ref="id27"/><label kind="synchronisation" x="1424" y="256">AP?</label><nail x="1416" y="184"/><nail x="1416" y="304"/></transition><transition><source ref="id30"/><target ref="id30"/><label kind="synchronisation" x="1024" y="448">VS!</label><nail x="1024" y="480"/></transition><transition><source ref="id30"/><target ref="id29"/><label kind="synchronisation" x="856" y="504">AP?</label><nail x="888" y="520"/></transition><transition><source ref="id30"/><target ref="id29"/><label kind="synchronisation" x="1008" y="504">VP?</label><label kind="assignment" x="1008" y="520">fail = true</label><nail x="1000" y="520"/></transition><transition><source ref="id29"/><target ref="id48"/><label kind="assignment" x="960" y="688">heartMode = 0</label><nail x="944" y="720"/><nail x="2488" y="720"/><nail x="2488" y="-144"/><nail x="8" y="-144"/></transition><transition><source ref="id32"/><target ref="id30"/><label kind="guard" x="760" y="344">cA &gt; AVI_max</label><label kind="assignment" x="784" y="400">fail = true</label><nail x="856" y="304"/><nail x="856" y="424"/></transition><transition><source ref="id32"/><target ref="id30"/><label kind="guard" x="792" y="312">cV &gt; LRI[paceMode]</label><label kind="assignment" x="872" y="392">fail = true</label><nail x="896" y="376"/></transition><transition><source ref="id32"/><target ref="id30"/><label kind="synchronisation" x="1040" y="336">VP?</label><nail x="1032" y="304"/><nail x="1032" y="424"/></transition><transition><source ref="id32"/><target ref="id30"/><label kind="synchronisation" x="976" y="336">AP?</label><label kind="assignment" x="960" y="392">fail = true</label><nail x="976" y="368"/></transition><transition><source ref="id31"/><target ref="id32"/></transition><transition><source ref="id33"/><target ref="id31"/><label kind="guard" x="832" y="200">cV &gt;= PVARP</label><label kind="synchronisation" x="872" y="224">AS!</label></transition><transition><source ref="id33"/><target ref="id32"/><label kind="synchronisation" x="984" y="224">AP?</label><label kind="assignment" x="960" y="272">fail = true</label><nail x="984" y="248"/></transition><transition><source ref="id33"/><target ref="id32"/><label kind="synchronisation" x="1032" y="225">VP?</label><label kind="assignment" x="1032" y="240">fail = true</label><nail x="1024" y="184"/><nail x="1024" y="296"/></transition><transition><source ref="id34"/><target ref="id38"/></transition><transition><source ref="id35"/><target ref="id39"/></transition><transition><source ref="id36"/><target ref="id40"/></transition><transition><source ref="id37"/><target ref="id42"/></transition><transition><source ref="id38"/><target ref="id48"/><label kind="assignment" x="624" y="696">heartMode = 0</label><nail x="2488" y="720"/><nail x="2488" y="-144"/><nail x="8" y="-144"/></transition><transition><source ref="id39"/><target ref="id38"/><label kind="synchronisation" x="544" y="640">AP?</label><label kind="assignment" x="520" y="672">fail = true</label><nail x="544" y="632"/></transition><transition><source ref="id39"/><target ref="id38"/><label kind="synchronisation" x="608" y="608">VP?</label><label kind="assignment" x="592" y="624">fail = true</label><nail x="584" y="592"/><nail x="584" y="712"/></transition><transition><source ref="id39"/><target ref="id34"/><label kind="guard" x="128" y="600">cV &gt;= URI[paceMode] &amp;&amp; cV &gt;= VRP &amp;&amp; cA &gt;= AVI_min</label><label kind="synchronisation" x="456" y="616">VS!</label></transition><transition><source ref="id40"/><target ref="id35"/><label kind="guard" x="392" y="464">cV &gt;= PVARP</label><label kind="synchronisation" x="456" y="480">AS!</label></transition><transition><source ref="id40"/><target ref="id39"/><label kind="synchronisation" x="608" y="472">VP?</label><label kind="assignment" x="592" y="488">fail = true</label><nail x="584" y="448"/><nail x="584" y="584"/></transition><transition><source ref="id40"/><target ref="id39"/><label kind="synchronisation" x="544" y="480">AP?</label><label kind="assignment" x="520" y="544">fail = true</label><nail x="536" y="496"/></transition><transition><source ref="id42"/><target ref="id40"/><label kind="synchronisation" x="608" y="328">VP?</label><label kind="assignment" x="592" y="344">fail = true</label><nail x="584" y="312"/><nail x="584" y="440"/></transition><transition><source ref="id42"/><target ref="id36"/><label kind="guard" x="136" y="320">cV &gt;= URI[paceMode] &amp;&amp; cV &gt;= VRP &amp;&amp; cA &gt;= AVI_min</label><label kind="synchronisation" x="464" y="336">VS!</label></transition><transition><source ref="id42"/><target ref="id40"/><label kind="synchronisation" x="536" y="376">AP?</label><label kind="assignment" x="512" y="416">fail = true</label><nail x="536" y="352"/></transition><transition><source ref="id43"/><target ref="id37"/><label kind="guard" x="376" y="216">cV &gt;= PVARP</label><label kind="synchronisation" x="400" y="232">AS!</label></transition><transition><source ref="id43"/><target ref="id42"/><label kind="synchronisation" x="608" y="192">VP?</label><label kind="assignment" x="592" y="208">fail = true</label><nail x="584" y="184"/><nail x="584" y="304"/></transition><transition><source ref="id43"/><target ref="id42"/><label kind="synchronisation" x="536" y="248">AP?</label><label kind="assignment" x="512" y="288">fail = true</label><nail x="528" y="256"/></transition><transition><source ref="id44"/><target ref="id41"/><label kind="synchronisation" x="432" y="72">VP?</label><label kind="assignment" x="416" y="96">cV = 0</label></transition><transition><source ref="id45"/><target ref="id44"/><label kind="synchronisation" x="344" y="72">AP?</label><label kind="assignment" x="328" y="96">cA = 0</label></transition><transition><source ref="id48"/><target ref="id45"/><label kind="guard" x="72" y="72">keyValue == 10 &amp;&amp; paceMode != 3</label><label kind="synchronisation" x="152" y="56">KeyPress?</label></transition><transition><source ref="id46"/><target ref="id48"/><label kind="synchronisation" x="-272" y="112">VS!</label><nail x="-216" y="96"/></transition><transition><source ref="id48"/><target ref="id46"/><label kind="guard" x="-240" y="160">heartMode == 1 &amp;&amp;
keyValue == 12</label><label kind="synchronisation" x="-216" y="136">KeyPress?</label><nail x="-88" y="160"/></transition><transition><source ref="id47"/><target ref="id48"/><label kind="synchronisation" x="-272" y="64">AS!</label><nail x="-216" y="96"/></transition><transition><source ref="id48"/><target ref="id47"/><label kind="guard" x="-240" y="0">heartMode == 1 &amp;&amp;
keyValue == 11</label><label kind="synchronisation" x="-216" y="32">KeyPress?</label><nail x="-120" y="32"/></transition><transition><source ref="id48"/><target ref="id48"/><label kind="guard" x="-144" y="200">heartMode == 0</label><label kind="synchronisation" x="-88" y="184">VS!</label><nail x="-24" y="224"/><nail x="-56" y="192"/></transition><transition><source ref="id48"/><target ref="id48"/><label kind="guard" x="-144" y="-32">heartMode == 0</label><label kind="synchronisation" x="-80" y="-16">AS!</label><nail x="-24" y="-32"/><nail x="-56" y="0"/></transition><transition><source ref="id48"/><target ref="id48"/><label kind="synchronisation" x="24" y="200">VP?</label><nail x="8" y="224"/><nail x="136" y="224"/></transition><transition><source ref="id48"/><target ref="id48"/><label kind="synchronisation" x="26" y="-56">AP?</label><nail x="8" y="-32"/><nail x="136" y="-32"/></transition></template><template><name>ModeSwitch</name><location id="id49" x="96" y="-128"><committed/></location><location id="id50" x="88" y="-200"><committed/></location><location id="id51" x="80" y="-272"><committed/></location><location id="id52" x="384" y="0"><committed/></location><location id="id53" x="-224" y="0"></location><init ref="id53"/><transition><source ref="id49"/><target ref="id53"/><label kind="guard" x="-392" y="-88">!vlast &amp;&amp; cA &gt; AVI_max</label><nail x="-240" y="-128"/></transition><transition><source ref="id50"/><target ref="id53"/><label kind="guard" x="-400" y="-160">!vlast &amp;&amp; cA &gt; AVI_max</label><nail x="-248" y="-200"/></transition><transition><source ref="id51"/><target ref="id53"/><label kind="guard" x="-400" y="-248">!vlast &amp;&amp; cA &gt; AVI_max</label><nail x="-256" y="-272"/></transition><transition><source ref="id51"/><target ref="id53"/><label kind="guard" x="-400" y="-264">!vlast &amp;&amp; (cV &gt; LRI[0])</label><nail x="-256" y="-272"/></transition><transition><source ref="id50"/><target ref="id53"/><label kind="guard" x="-400" y="-176">!vlast &amp;&amp; (cV &gt; LRI[1])</label><nail x="-248" y="-200"/></transition><transition><source ref="id49"/><target ref="id53"/><label kind="guard" x="-392" y="-104">!vlast &amp;&amp; (cV &gt; LRI[2])</label><nail x="-240" y="-128"/></transition><transition><source ref="id49"/><target ref="id53"/><label kind="guard" x="-456" y="-128">vlast &amp;&amp; (cV &gt; LRI[2] - AVI_max)</label><nail x="-240" y="-128"/></transition><transition><source ref="id50"/><target ref="id53"/><label kind="guard" x="-456" y="-200">vlast &amp;&amp; (cV &gt; LRI[1] - AVI_max)</label><nail x="-248" y="-200"/></transition><transition><source ref="id51"/><target ref="id53"/><label kind="guard" x="-464" y="-280">vlast &amp;&amp; (cV &gt; LRI[0] - AVI_max)</label><nail x="-256" y="-272"/></transition><transition><source ref="id51"/><target ref="id52"/><label kind="guard" x="360" y="-280">!vlast &amp;&amp; cV &lt;= LRI[0] &amp;&amp;
cA &lt;= AVI_max</label><label kind="assignment" x="360" y="-248">paceMode = 0</label><nail x="344" y="-272"/></transition><transition><source ref="id51"/><target ref="id52"/><label kind="guard" x="120" y="-312">vlast &amp;&amp; (cV &lt;= (LRI[0] - AVI_max))</label><label kind="assignment" x="232" y="-296">paceMode = 0</label><nail x="344" y="-272"/></transition><transition><source ref="id49"/><target ref="id52"/><label kind="guard" x="384" y="-112">!vlast &amp;&amp; cV &lt;= LRI[2] &amp;&amp;
cA &lt;= AVI_max</label><label kind="assignment" x="392" y="-80">paceMode = 2</label><nail x="352" y="-128"/></transition><transition><source ref="id49"/><target ref="id52"/><label kind="guard" x="120" y="-168">vlast &amp;&amp; (cV &lt;= (LRI[2] - AVI_max))</label><label kind="assignment" x="232" y="-152">paceMode = 2</label><nail x="352" y="-128"/></transition><transition><source ref="id50"/><target ref="id52"/><label kind="guard" x="352" y="-200">!vlast &amp;&amp; cV &lt;= LRI[1] &amp;&amp;
cA &lt;= AVI_max</label><label kind="assignment" x="360" y="-168">paceMode = 1</label><nail x="344" y="-200"/></transition><transition><source ref="id50"/><target ref="id52"/><label kind="guard" x="112" y="-240">vlast &amp;&amp; (cV &lt;= (LRI[1] - AVI_max))</label><label kind="assignment" x="232" y="-224">paceMode = 1</label><nail x="344" y="-200"/></transition><transition><source ref="id52"/><target ref="id53"/><nail x="384" y="128"/><nail x="-224" y="128"/></transition><transition><source ref="id53"/><target ref="id52"/><label kind="guard" x="-160" y="-120">keyValue == 4 &amp;&amp; heartMode != 2</label><label kind="synchronisation" x="144" y="-120">KeyPress?</label><label kind="assignment" x="240" y="-120">paceMode = 3</label><nail x="-192" y="-96"/><nail x="352" y="-96"/></transition><transition><source ref="id53"/><target ref="id52"/><label kind="guard" x="-160" y="-24">keyValue == 9 &amp;&amp; heartMode != 2</label><label kind="synchronisation" x="144" y="-24">KeyPress?</label><label kind="assignment" x="240" y="-24">heartMode = 1</label></transition><transition><source ref="id53"/><target ref="id51"/><label kind="guard" x="-168" y="-296">keyValue == 1 &amp;&amp; heartMode != 2</label><label kind="synchronisation" x="-48" y="-312">KeyPress?</label><nail x="-200" y="-272"/></transition><transition><source ref="id53"/><target ref="id52"/><label kind="select" x="-128" y="-88">i : int[9, 10]</label><label kind="guard" x="-48" y="-88">keyValue == 7</label><label kind="synchronisation" x="144" y="-88">KeyPress?</label><label kind="assignment" x="240" y="-88">observe[1] = i</label><nail x="-192" y="-64"/><nail x="352" y="-64"/></transition><transition><source ref="id53"/><target ref="id52"/><label kind="guard" x="-160" y="8">keyValue == 10 &amp;&amp; paceMode != 3</label><label kind="synchronisation" x="144" y="8">KeyPress?</label><label kind="assignment" x="240" y="8">heartMode = 2</label><nail x="-192" y="32"/><nail x="352" y="32"/></transition><transition><source ref="id53"/><target ref="id50"/><label kind="guard" x="-168" y="-224">keyValue == 2 &amp;&amp; heartMode != 2</label><label kind="synchronisation" x="-40" y="-240">KeyPress?</label><nail x="-192" y="-200"/></transition><transition><source ref="id53"/><target ref="id52"/><label kind="guard" x="-160" y="-56">keyValue == 8 &amp;&amp; heartMode != 2</label><label kind="synchronisation" x="144" y="-56">KeyPress?</label><label kind="assignment" x="240" y="-56">heartMode = 0</label><nail x="-192" y="-32"/><nail x="352" y="-32"/></transition><transition><source ref="id53"/><target ref="id49"/><label kind="guard" x="-160" y="-152">keyValue == 3 &amp;&amp; heartMode != 2</label><label kind="synchronisation" x="-24" y="-168">KeyPress?</label><nail x="-192" y="-128"/></transition><transition><source ref="id53"/><target ref="id52"/><label kind="select" x="-136" y="40">i : int[9, 10]</label><label kind="guard" x="-48" y="40">keyValue == 13</label><label kind="synchronisation" x="144" y="40">KeyPress?</label><label kind="assignment" x="240" y="40">observe[0] = i</label><nail x="-192" y="64"/><nail x="352" y="64"/></transition></template><template><name>LED</name><location id="id54" x="-288" y="0"><name x="-352" y="-24">BlinkAP</name><committed/></location><location id="id55" x="-160" y="128"><name x="-224" y="128">BlinkVP</name><committed/></location><location id="id56" x="-32" y="0"><name x="-16" y="-24">BlinkAS</name><committed/></location><location id="id57" x="-160" y="-128"><name x="-144" y="-152">BlinkVS</name><committed/></location><location id="id58" x="-160" y="0"><name x="-136" y="-16">LEDWaiting</name></location><init ref="id58"/><transition><source ref="id54"/><target ref="id58"/><label kind="assignment" x="-336" y="-48">LEDs[0] = false</label><nail x="-224" y="-32"/></transition><transition><source ref="id58"/><target ref="id54"/><label kind="synchronisation" x="-256" y="32">AP?</label><label kind="assignment" x="-352" y="16">LEDs[0] = true</label><nail x="-224" y="32"/></transition><transition><source ref="id58"/><target ref="id55"/><label kind="synchronisation" x="-128" y="64">VP?</label><label kind="assignment" x="-136" y="80">LEDs[1] = true</label><nail x="-128" y="64"/></transition><transition><source ref="id55"/><target ref="id58"/><label kind="assignment" x="-280" y="80">LEDs[1] = false</label><nail x="-192" y="64"/></transition><transition><source ref="id56"/><target ref="id58"/><label kind="assignment" x="-64" y="16">LEDs[2] = false</label><nail x="-96" y="32"/></transition><transition><source ref="id57"/><target ref="id58"/><label kind="assignment" x="-136" y="-112">LEDs[3] = false</label><nail x="-128" y="-64"/></transition><transition><source ref="id58"/><target ref="id56"/><label kind="synchronisation" x="-96" y="-56">AS?</label><label kind="assignment" x="-64" y="-40">LEDs[2] = true</label><nail x="-96" y="-32"/></transition><transition><source ref="id58"/><target ref="id57"/><label kind="synchronisation" x="-220" y="-79">VS?</label><label kind="assignment" x="-264" y="-112">LEDs[3] = true</label><nail x="-192" y="-64"/></transition></template><template><name>Display</name><parameter>int i</parameter><declaration>clock c;
broadcast chan Increment, Reset;</declaration><location id="id59" x="-704" y="136"><committed/></location><location id="id60" x="-704" y="0"></location><init ref="id60"/><transition><source ref="id59"/><target ref="id60"/><label kind="guard" x="-520" y="72">c &gt;= observe[i]</label><label kind="synchronisation" x="-520" y="48">Reset!</label><label kind="assignment" x="-520" y="24">c = 0</label><nail x="-528" y="136"/><nail x="-528" y="0"/><nail x="-688" y="0"/></transition><transition><source ref="id59"/><target ref="id60"/><label kind="guard" x="-696" y="80">c &lt; observe[i]</label><label kind="synchronisation" x="-696" y="56">Increment!</label></transition><transition><source ref="id60"/><target ref="id59"/><label kind="synchronisation" x="-776" y="8">VS?</label><nail x="-784" y="0"/><nail x="-784" y="136"/></transition><transition><source ref="id60"/><target ref="id59"/><label kind="synchronisation" x="-856" y="8">VP?</label><nail x="-816" y="0"/><nail x="-816" y="136"/></transition></template><template><name>Alarm</name><declaration>clock check;</declaration><location id="id61" x="0" y="-160"><name x="-32" y="-192">VReceived</name><committed/></location><location id="id62" x="0" y="0"></location><init ref="id62"/><transition><source ref="id61"/><target ref="id62"/><label kind="guard" x="-496" y="-136">cV &lt;= LRI[paceMode] &amp;&amp;
cV &gt;= URI[paceMode]</label><nail x="-328" y="-160"/><nail x="-328" y="0"/></transition><transition><source ref="id62"/><target ref="id61"/><label kind="synchronisation" x="248" y="-144">VP?</label><nail x="240" y="-96"/><nail x="240" y="-160"/></transition><transition><source ref="id61"/><target ref="id62"/><label kind="guard" x="-256" y="-200">cV &gt;= URI[paceMode] &amp;&amp;
cV &gt; LRI[paceMode]</label><label kind="assignment" x="-208" y="-48">alarmSlow = true</label><nail x="-192" y="-160"/><nail x="-192" y="-96"/></transition><transition><source ref="id61"/><target ref="id62"/><label kind="guard" x="-88" y="-144">cV &lt; URI[paceMode]</label><label kind="assignment" x="-72" y="-104">alarmFast = true</label><nail x="-96" y="-160"/><nail x="-96" y="-96"/></transition><transition><source ref="id62"/><target ref="id61"/><label kind="synchronisation" x="104" y="-144">VS?</label><nail x="96" y="-96"/><nail x="96" y="-160"/></transition></template><template><name>DisplayFast</name><declaration>broadcast chan Increment, Reset;
bool interval;</declaration><location id="id63" x="0" y="-64"><committed/></location><location id="id64" x="0" y="88"></location><init ref="id64"/><transition><source ref="id63"/><target ref="id64"/><label kind="guard" x="56" y="-24">interval</label><label kind="synchronisation" x="56" y="0">Reset!</label><nail x="48" y="-32"/><nail x="48" y="56"/></transition><transition><source ref="id63"/><target ref="id64"/><label kind="guard" x="-104" y="-32">!interval</label><label kind="synchronisation" x="-128" y="0">Increment!</label><nail x="-48" y="-32"/><nail x="-48" y="48"/></transition><transition><source ref="id64"/><target ref="id63"/><label kind="synchronisation" x="-200" y="0">VS?</label><nail x="-152" y="88"/><nail x="-152" y="-64"/></transition><transition><source ref="id64"/><target ref="id63"/><label kind="synchronisation" x="160" y="0">VP?</label><nail x="152" y="88"/><nail x="152" y="-64"/></transition></template><system>// Place template instantiations here.
P = Pacemaker();
H = Heart();
K = Keyboard();
M = ModeSwitch();
L = LED();
D1 = DisplayFast();
D2 = DisplayFast();
A = Alarm();
// List one or more processes to be composed into a system.
system P, H, L, K, M, A, D1, D2;
    </system></nta>